0;0
ğŸ¦¢Ğ¢Ğ°Ñ‚ÑŒÑĞ½Ğ°ğŸ¦¢ - Eadeeva;1
Gerard Casau - GerardCasau;1
Guille Hormigo - guillehormigo;1
Gregorio BelinchÃ³n - gbelinchon;1
Graf Orlok - Helguee;1
Gonzalo de Pedro Amatria - gdpedro;1
Gonzalo TornÃ© - gonzalotorne;1
Godardeando - godardiano;1
Gijon International Film Festival | FICX - Gijonfilmfest;1
GermÃ¡n - friend_goo;1
Gerard CassadÃ³ - Gerard_ACassado;1
Gaspar Llamazares - GLlamazares;1
El Rotoscopio - el_rotoscopio;1
Game Maker's Toolkit - gamemakerstk;1
Gabriel Linhares FalcÃ£o - FalcaoLinhares;1
FÃ©lix PÃ©rez - felixperezcodur;1
FundaciÃ³n JapÃ³n, Madrid - fundacionjapon;1
Francisco Rojas - dogstarfran;1
Francisca P - franciscapageo;1
Fran - nameofaccount3;1
Florenci Salesas Pla - florencisalesas;1
FlixOlÃ© - FlixOle;1
Guille ğŸ³ï¸â€ğŸŒˆ - will_llermo;1
Gustavo Siles - gus_siles;1
Henrique - Henrique_Lage;1
Houdini - joseant89279377;1
Isaac Rosa - _isaacrosa;1
Irene - belugawannabe;1
Irati Crespo - IratiC9;1
Ioannis Kanonakis - ikanonakis;1
InformaciÃ³n Real de Cine - cinecine2022;1
IndieWire - IndieWire;1
Imma Pilar ğŸ¬ğŸ“½ - rodasons;1
Image Origins - ImageOrigins;1
Ilie Oleart - Ilie_Oleart;1
Igortxu ğŸ³ï¸â€ğŸŒˆ - igortxu_;1
Ignasi Franch - ignasifranch;1
Ignacio Pablo Rico - IgnacioPRico;1
Ignacio Escolar - iescolar;1
Ibai - IbaiLlanos;1
HÃ©ctor OyarzÃºn - HectorOyarzunG;1
HÃ©ctor GarcÃ­a BarnÃ©s - hectorgbarnes;1
HÃ©ctor Aceves - h_aceves_;1
Hypathia - zor_jack;1
Hoy Se Sale en Madrid - hoysesalemad;1
Flamenca Stone - flamencastone;1
Flags Mashup Bot - FlagsMashupBot;1
Filmoteca de Galicia - cgaifilmoteca;1
Experimental Cinema - expcinema;1
Ethan - malbaratado;1
EsthÃ«r - AuroraNocte;1
Erik Twice (ES) - ErikTwice_ES;1
Enrique Vila-Matas / Web - TomMir7;1
Enrique Lavigne - enriquelavigne;1
Enric Albero - EnricAlbero;1
Endika Rey - Michi_Panero;1
Emilio Luna - tenientehicox;1
Emilio - figmare10;1
Emiliano Britos - Don_Emi61;1
Elsa FernÃ¡ndez-Santos - sunsetelsa;1
Eloy Gurucharri - EloyGurucharri;1
Eloy FernÃ¡ndez Porta - PortaEloy;1
Elizabeth Duval - _elizabethduval;1
Elisa McCausland - reinohueco;1
Elena Duque - ElenaDuqueV;1
Elena - raralentee;1
Elena - Antares_not;1
El antepenÃºltimo mohicano - eamcinema;1
Eva Sanchez - Evaschez;1
Eyes On Cinema - RealEOC;1
Filmoteca de Extremadura - FilmotecaEx;1
F. For Felipe - BusterChaplin;1
Filmoteca EspaÃ±ola - Filmoteca_es;1
FilmoteCanet Cinema - CanetCinema;1
Filmmania - FilmMania_es;1
Filmin - Filmin;1
FilmAffinity - Filmaffinity;1
Filipe Furtado - filipefurtado;1
Festival de Cannes - Festival_Cannes;1
Festival Sevilla - festivalsevilla;1
Festival Scope - FestivalScope;1
Fernando VR - elaguainmovil;1
Fernando GarcÃ­a - ferhood_;1
Fernando Ganzo - GanzoFernando;1
Fernando Castro Flor - fcastroflorez;1
Faustino SÃ¡nchez - Danielquinn_;1
Faure - follybololey;1
Fancine Bros - BrosFancine;1
Faildeguionista - FaildeGuionista;1
Facu DÃ­az - FacuDiazT;1
FILMADRID Festival - Filmadrid;1
Israel Paredes - israelparedes78;1
IvÃ¡n - iescobar98;1
IvÃ¡n Bustinduy - ivanbustinduy;1
La Base - LaBase_TV;1
Kyle MacLachlan - Kyle_MacLachlan;1
Koger Roza - KogerRoza;1
Kierke - Omphals1;1
Ken Jacobs - nervousken;1
Karina SolÃ³rzano - A_Karerina;1
KansasS - kansas_sire;1
KINOSCOPE - Kinoscope;1
KINO SLANG - theMummyMa;1
K I N O D A S E I N - cinexistenz;1
JÃºlia Olmo - JuliaOlmo_;1
JuliÃ¡n GÃ©nisson - Canodrama;1
JuliÃ¡n - julianglezg;1
Julio Maldonado OOC - MUNDOMALDINIOOC;1
Judex - Judex1916;1
Jubarite Semaran - Drogaudix;1
Juanma Ruiz - JuanmaRuizP;1
Juan JimÃ©nez GarcÃ­a - FJacquemort;1
Juan Javato - JuanJavato_24;1
Juan Ignacio Camino - caminonacho_;1
KÎ”Ğ¯L - _CarlosMg_;1
La Cabecita - LaCabecita;1
Juan Cires - JuanCires;1
La Casa Encendida - LaCasaEncendida;1
Letras y celuloide - Juan_sgs;1
Leticia GarcÃ­a - Ms_Golightly;1
Leo Guzman - LeoGuzmanf;1
Lenguaje audiovisual - LAV_ETSIT;1
Lena ğŸ€ - mlle_eileen;1
Lena Woodhouse - LorenaWoodhouse;1
Leguroz - Leguroz9;1
Le CinÃ©ma Club - lecinemaclub;1
Le CinÃ©ma - lecinema_;1
Laura MenÃ©ndez - lauramenend;1
Laura Lazcano - LazcanoLaura;1
Lander - malsiglo;1
Laia - _vstand;1
La vida Ãºtil - lvu_cine;1
La pelÃ­cula del dÃ­a - daysmovie;1
La dame qui pleure - Ninotchka91;1
La Tierra Quema - latierraquema;1
La Ingobernable - CSIngobernable;1
La CinÃ©mathÃ¨que - cinemathequefr;1
Juan Gabino - thejuangabino;1
Juan Carlos Monedero - MonederoJC;1
IvÃ¡n MÃ­guez DÃ­ez - Miguez_Diez;1
Jesus G. Maestro Out Of Context - YisusMasterOOC;1
Javigato beato - Ghibliano;1
Javier Zurro - Zurro_85;1
Javier OcaÃ±a - ocanajavier;1
Javier FernÃ¡ndez VÃ¡zquez - Lacatus80;1
Javier CalderÃ³n - fcojcalderon;1
Javier Acevedo - cosmorfismo;1
Javier - herrerotd1976;1
Javi GalÃ¡n ğŸš€ - javikiddo;1
Javi ArrÃ³spide - javiarrospide;1
Javchas - revydosmanos;1
Jaume Ripoll Vaquer - JaumeRV;1
Jasikedevicius - Jasikedevicius;1
Jar - YoungSagan;1
Janus Films - janusfilms;1
Jaime Pena - jj_pena;1
Jaime Lorite ğŸŒ± - JaimeLorite_;1
Jaime FernÃ¡ndez Meco - StephenLarsson;1
J. L. Castro de Paz - Scottieisbert;1
IvÃ¡n SuÃ¡rez - JulesPostman;1
Jed Pressgrove - jedpressfate;1
JesÃºs Choya ZataraÃ­n - holychoya;1
Juan - Epokhe97;1
JesÃºs Urbano - urbanojesusr;1
Jot Down Magazine - JotDownSpain;1
JosÃ© Manuel Sande - JMSande;1
Joseph Anderson - jph_anderson;1
Jose Luis Rebordinos - jlrebordinos;1
Jose - Jadzcor;1
Jorge de Cascante - xcascantex;1
Jorge Salanova - Salanova;1
Jorge S-Q R - jorgesqr;1
Jorge Pardo - jorgepm91;1
Jorge AceÃ±a - AceaJorge;1
Jorge - SupportOfTheDay;1
Jorge - EstrellaLag;1
Jordi SÃ¡nchez-Navarro - jordisn;1
Jordi Costa Vila - JordiCostaVila;1
John Carpenter - TheHorrorMaster;1
JoaquÃ­n Fabregat - fabregatto;1
Joan PÃ mies LluÃ­s - JoanPamiesLL;1
Joan CornellÃ  - sirjoancornella;1
Jimix - jimixjimenez;1
El Salto - ElSaltoDiario;1
El Perro de Goya - HalfDrownedDog;1
ğŸ¤­ - otro233;1
AndrÃ©s Rublev - AndresRublev;1
Asa Nisi Masa - blogasanisimasa;1
Arnau MartÃ­n - ArnauCamarasa;1
Apichatpong W. - kickthemachine;1
AntonioMaestre - AntonioMaestre;1
Antonio Miguel Arenas - antonio1004;1
Antonio JimÃ©nez - SrTrevor;1
Antonio - colmener_;1
Anticapitalistas #OrganizarLaRespuesta - anticapi;1
Another Gaze / Another Screen - anothergaze;1
AndrÃ©s Onrubia Ramos - AndiOnrubia;1
El PaÃ­s Cultura - elpais_cultura;1
Andrius - AndriusMF;1
Andreu Marves - AndreuMarves;1
Andresâ„¢ aka Cristiano Dronaldo - Andresttttmmmm;1
Andrea MorÃ¡n - _andrea_moran;1
AnaitGames - AnaitGames;1
Ana Porras - AnaEscalafandra;1
Ana Aitana FernÃ¡ndez - anaaitana;1
Amaia - amaiazufiaur;1
Alvaro Mtz - alvmb;1
Atalante - atalantefilms;1
Avalon - Avaloncine;1
Ayuntamiento Madrid - MADRID;1
BUCKY GOLDSTEIN - ohlacumbia;1
CCCB - cececebe;1
C. - utskor;1
Bruno Victorino - BrunoVictorin18;1
Brian - Br_Laing;1
Breaking Bad Irony - BreakingBadIrny;1
Brais - braaisv;1
Bracero - Bracero666;1
Borja Vargas - borjayvargas;1
Borja Navarro - Judeca1908;1
Borja Castillejo Calvo - BorjaCastillejo;1
Boris - boris_1992;1
Borges, Jorge Luis - BorgesJorgeL;1
Blanca - BlancaSeSa;1
Black Lodge Cult - BlackLCult;1
Berni S. Palau - HawkmenBlues;1
Berlinale - berlinale;1
BeetBeatBit - BeetBeatBit;1
Beatriz MartÃ­nez GÃ³m - BeatrizMartnezG;1
Babelia - babelia_elpais;1
Alvaro Arroba - alvaroarroba;1
Alicia Castilla - alicia_castilla;1
Alfredo Sportello - AlLebowski;1
AgustÃ­n AlmodÃ³var - AgustinAlmo;1
AdriÃ¡n ViÃ©itez | Tenis - tenista_amateur;1
AdriÃ¡n ViÃ©itez - AdrianVieitez;1
AdriÃ¡n Lumbreras - _sxnshi;1
AdriÃ  Guxens - adriaguxens;1
Adrian Martin - AdrianMartin25;1
Academia de Cine - Academiadecine;1
Abraham Rivera - abriverad;1
Abraham - abrahamrcea;1
Abel Ferrara drinking milk - VicioInherente;1
Abbascontadas - Abbascontadas;1
Aaron Rodriguez Serrano - Serrano2Aaron;1
A. de la Hoz - tiquismiquis100;1
A meme page to check every time MatLab crashes - memecrashes;1
9100828282 - 04578099213x;1
2022 Sight & Sound Lists - 2022SightSound;1
. - todofoba;1
. - Widerschein;1
(S8) Cinema - s8cinema;1
#HorrorHector - hectorap99;1
AgustÃ­n - agustin_durruty;1
Ahora Madrid - AhoraMadrid;1
Alfredo Garmendia - FabrizioSalina;1
Ainhoa Marzol - ainhoamarzol;1
Alex Segura - nichedeath;1
Alejandro G.Calvo - AlejandroGCalvo;1
Alejandro Cao - DPRK_CAODEBENOS;1
Alejandro - CantStopTheBot;1
Alberto Hernando - Alb_Hernando;1
Alberto GonzÃ¡lez VÃ¡zquez - queridoantonio;1
Alberto GarzÃ³nğŸ”» - agarzon;1
Alberto FR - Haluro_de_plata;1
Alberto Corona - AlCoronaG;1
Alberto - albertsyco;1
Albert TriviÃ±o - AlbertTrivino;1
Albert - albertcd17;1
Alba Editorial - Albaeditorial;1
Alain Garrido Blanes - alain_garridob;1
Al Neri - adrianito00;1
Akmaios les desea Feliz 2024 - Akmaiaskia;1
Aitor Romero Ortega - a_enelalambre;1
Aitor Gallego - aitorgallego;1
Aitor - AitorL_;1
CTXT - ctxt_es;1
CURTOCIRCUÃTO - FCurtocircuito;1
Caballo de Troya - CaballoTroyaEd;1
Desvelando Oriente / Alejandro Salamanca - Desvelandorient;1
Descifrando la Guerra - descifraguerra;1
Descifrando la Guerra - DescifrandoG;1
Desatranques JaÃ©nÂ® - DesatranqueJaen;1
David. - Davidpardi97;1
David Tejero - malpaso79;1
David Lynch Saying It's A Friday Once Again - DLEveryFriday;1
David Lynch - DAVID_LYNCH;1
David G. Maciejewski - dgmaciejewski;1
David - eldeibik;1
Dave - DaveMacLachIan;1
Daniel V. Villamediana - dvvillamediana;1
Daniel BernabÃ© - diasasaigonados;1
Dani Mormont - JorahElAndalo;1
Dan Sallitt - sallitt;1
CÃ­rculo de Bellas Artes - Casa Europa - cbamadrid;1
CÃ©sar Rendueles - crendueles;1
CÃ©sar GonzÃ¡lez - cesargonzaleztw;1
CÂ¡NeCalavÂ¡a - cncalavia;1
Curiosidades filosofÃ­a - jcuevaeliz;1
DesirÃ©e de Fez - DesireedeFez;1
Diego Batlle - dmbatlle;1
Cristina Pineda - CristinaPineda4;1
Diego Cepeda - untrenoculto;1
El Pampero Cine - ElPamperoCine;1
El PalomitrÃ³n - El_Palomitron;1
El Orden Mundial - EOM - elOrdenMundial;1
El Mundo Today - elmundotoday;1
El Ministerio de CTXT - Ministerio_CTXT;1
El Lamento De Portnoy - LamentoEl;1
El Jueves - eljueves;1
El Cultural - elcultural;1
El Barroquista - elbarroquista;1
EVIL VIGAS - vigalondo;1
EP - extranosparaiso;1
EM-electomania.es - electo_mania;1
DÃ©tour - tdetour;1
DÃ©coupage - Dcoupage;1
Dos Cuadrados - 2Cuadrados;1
Donostia Zinemaldia - Festival de San SebastiÃ¡n - sansebastianfes;1
Dirigido Por - Dirigido_por;1
Diego Salgado - DiegoS_lgado;1
Diego Lerer - dlerer;1
Criterion Collection - Criterion;1
Cris - Cristrinaranjus;1
Cabiria - kaleidoscopeves;1
Cen - criscentrica;1
Carmen ğŸ³ï¸â€ğŸŒˆ - MsMaceta;1
Carlota MoseguÃ­ - carlota_mosegui;1
Carlos von Deleuze - DeleuzeKarl;1
Carlos Reviriego - carlosreviriego;1
Carlos MaraÃ±Ã³n - futbolycine;1
Carlos Losilla - CarlosLosilla;1
Carlos Lara - CarlosLara3x4;1
Carlos FernÃ¡ndez - charlyr2d2;1
Carlos F. Heredero - carlosfheredero;1
Carlos Cruz - CarlosCruzSld;1
Carlos Castro-Gonzalez - ccastrogo;1
Carlos Cano - segobrigense;1
Carlos - habiarabia;1
Carli - CarliGR95;1
Carles Matamoros - CarlesMatamoros;1
Cardenal Herrera - CardenalHerrera;1
Canyon Cinema - canyoncinema;1
CaimÃ¡n CDC - CaimanCDC;1
CafÃ© Marx - cafe_marx;1
Celia Pereira - pereirawwwww;1
Cesaretto - desmontandoaces;1
Crazy Ass Spanish Politics Moments - Spol_Moments;1
Chaotic Nightclub Photos - ClubPhotos_;1
Clara Coira - claracoira;1
Clara - VagaGardner;1
CineuÃ¡ - Cineua;1
Cineteca Madrid - CinetecaMadrid;1
Cinemaadhoc - cinemaadhoc;1
Cinema Palettes - ColorsEffect;1
Cinema Cats - CinemaCats;1
Cineclub Fas - cineclubfas;1
CineZeta - CineZetaCine;1
CineDivergente - cinedivergente;1
CineAsia Online - cineasia_online;1
Christian Leal - ChristianLeal89;1
Christian Banderas - ChBanderas;1
ChrisMarker.ch - ChrisMarkerCh;1
Chris Franklin - Campster;1
Chozinha - Chozismo;1
Chollometro - chollometro;1
Chema GarcÃ­a Ibarra - Hangthedj;1
Charls Chap - CharlsChap;1
Letterboxd - letterboxd;1
LibrerÃ­a del DorÃ© - libreriadeldore;1
Librofilia - librofilia_com;1
ZÃªrkkÃ¥l (mÃ°ÃÃ° estructuralista) - Zerkkal;1
anna pacheco - annapacheco__;1
ana ğŸŒ¹ - anaorgana_;1
alberto lechuga - AlbertoLechugaG;1
aixa - aixa72;1
adriÃ¡n sÃ¡nchez - sgr5asm;1
a ğŸ˜ - diaridestudi;1
a quiet man - AndreuArribas;1
_Cabo - DanielEscaners;1
_ - intimismo_;1
Zumzeig Coop - ZumzeigCinema;1
Light Cone - Light_Cone;1
Yago Paris - Yago_Paris;1
YFarm.Money - YFarmMoney;1
Xurxo Chirro - XurxoChirro;1
XosÃ© M. Fdez. - xosemfdez;1
XiXoiYo - Speedtomy;1
Xavier Pijoan - xavipijoan;1
Xavi Serra - twilightkid;1
Xator Nova - XatorNova;1
Xan LÃ³pez - xanlpz;1
antonio j. - ibrahb;1
antonioxmorales - antonioxmorales;1
asterluz - AsterLuz;1
astrolabio - astrolabioide;1
don hertzfeldt - donhertzfeldt;1
david - davidutges;1
daniel pÃ©rez-pamies - danielpamies_;1
daniblacksmoke - Daniblacksmoke;1
cutepilled - ThatDario;1
composers doing normal shit - NormalComposers;1
common white girl - PlanetaTamara;1
clara gimÃ©nez lorenzo - Clara_GLorenzo;1
cinÃ©falo - Orang_Clockwork;1
cinematecaportuguesa - cinemateca_prog;1
charliewoodhead - woodheadNE12;1
carmen - ccvrmen;1
carlos - Kaarlenberg;1
carla - carlatka;1
canaltcm - canaltcm;1
camarada kuka à©ˆâœ©* - dafnethaiss;1
broken lullaby - fifthterrace;1
blanca garcÃ­a - PipacsosMezo;1
benot - juangbenot;1
Xacobo MartÃ­nez - Iacobus_81;1
Weird Ai Generations - weirddalle;1
WeRateDogsÂ® - dog_rates;1
Tonio L. AlarcÃ³n - toniolalarcon;1
TomÃ¡s Grau de Pablos - Tomgradep;1
Thom Yorke - thomyorke;1
The man with the harmonica - Frankharmonica_;1
The Film Stage ğŸ“½ - TheFilmStage;1
Terrible Maps - TerribleMaps;1
Teresa RodrÃ­guez - Adelante AndalucÃ­a Û - TeresaRodr_;1
Teresa - trsmadridejos;1
Teresa - MaTeresaCastro;1
Teo HernÃ¡ndez - gododivine;1
Taipei / CrÃ­tica de cine - taipeicritica;1
TS Eliot - TSElibot;1
Stephen Broomer - StephenBroomer;1
Sr. Ulloa - Sr_Ulloa;1
Spanish Boomer Memes - SpanishBoomers;1
Soy Una Gafapasta ğŸ¦” - SoyUnaGafapasta;1
Sotos - AlexotosADC;1
Sonemic / Rate Your Music - sonemic;1
Sitges Film Festival - sitgesfestival;1
Simpsons Films - simpsonsfilms;1
Toni Junyent Rosa - tonijunyent;1
Transit - Transit_Cine;1
VÃ­ctor Esquirol - VctorEsquirol;1
TwFutbol Out Of Context - TwFutbolOOC;1
VÃ­ctor - victorlf97;1
VÃ­ctor - crucifixi0n;1
Voodoo Kino - RafaQC97;1
Volodia - volodia1917;1
Viterbo - SerchViterbo;1
Visual404 - visual404exp;1
Virginia Woolf Bot - botvirginia;1
Violeta Kovacsics - violetakg;1
Violeta Cussac - VioletaCussac;1
Vicente Monroy - MonroyTq;1
Verdura - amiguiz;1
Vanessa Agudo - blankcapsules;1
Valeria Camporesi - ValeCamporesi;1
V.O.S. Revista - VOS_Revista;1
Usuario Arroba - u_arroba;1
Uryen BlÃ¡nquez - uryenbg;1
Una tumba para el ojo - una_ojo;1
Un detective - undetective___;1
ULTRA DOGME - ultradogme;1
elDiario.es - eldiarioes;1
elreclinatorio - elreclinatorio;1
f - estoydudando;1
Ã“scar Brox - osbrox;1
Ãntar - an_t_ar;1
Ãngela R Û - RgAngela;1
Ãngel Suanzes - angelsuanzes;1
Ãngel Rueda - gelocomia;1
Ãlvarowo - AlvaroCampoy;1
Ãlvaro PeÃ±a - alvarocdc;1
Ãlvaro Du Bois - gexge_;1
Ãlvaro - al11997;1
Ãlvaro - Alvaro_Ortiz94;1
Ãlex MendÃ­bil - alexmendibil;1
Ãlex Manzano - Alex8ymedio;1
Ãlex - straubbhuillet;1
Ãlex - hautessolitudes;1
Ã€ngel Quintana - AngelQuintana6;1
why you should have a duck ğŸ¦† - shouldhaveaduck;1
uno - frankienick3;1
soy sauce - soysauuce;1
soy Isaac - ghost_in_prog;1
ruben santiago - rubensantiago0;1
ÃÃ±igo ErrejÃ³n - ierrejon;1
Ã½ - exantheo;1
rare insults - insultsrare;1
É - zombivirtual;1
ğŸ›¸ - jandrusco;1
ğŸ”¥PlatinoğŸ”¥ - NeoGod9;1
ğŸ“Šâ› PicanÃºmeros - Picanumeros;1
ğŸ - ilovethebees;1
ğŸ€ JANEAUSTEN (parodia, la de verdad se muriÃ³) ğŸ¥„ - janeaustenenfur;1
ğ˜¾ğ™–ğ™§ğ™©ğ™šğ™¨ ğ™‹ğ™¡ğ™–ğ™®ğ™šğ™¨ - frangayo;1
ğ“•ğ“¸ğ“»ğ“°ğ“®ğ“½ğ“¯ğ“¾ğ“µ ğ“ğ“·ğ“°ğ“®ğ“µ - DidYouSayMarta;1
ğ’–ğ’ğ’‚ ğ’‘ğ’†ğ’ğ’‚ ğ’†ğ’”ğ’•ğ’“ğ’ğ’“ğ’…ğ’Šğ’ğ’‚ğ’“ğ’Šğ’‚ - novistenada;1
ğ’. - lafIeurdumal;1
ğŒğ‹ğ - Maxwolf333;1
ğ…™ - jorgecandamo;1
ï¸µâ€¿à­¨â™¡à­§â€¿ï¸µ - mochidcoco;1
è«è¨ªæ•¦å½¦ nobuhiro suwa #æ—¥æœ¬ç‰ˆCNCè¨­ç«‹ã‚’æ±‚ã‚ã‚‹ä¼š #é¢¨ã®é›»è©± - nobuhiro_suwa;1
âœ¨âœ¨ğŸ”¥ - rgock___;1
âœ– Sergio âœ– - SergioYeyo_;1
â™±Â°Â·.Â·Â°GAEL: - UnderRealLife;1
â—¼ - MartinVuelveYa;1
Ğœaties! - maties_tp;1
ÉÆƒÇÊ‡É¹O soÉ”É¹ÉW - Faeton;1
riverton ripper - kinofiend;1
ramÃ³n mistral - penultimos;1
fernando franco - fernandofranco_;1
mariatambiÃ©n - _mariatambien;1
marcelo - marcelocriminal;1
male wife boytoy twink - sissygoforth;1
lo - timidfaerie;1
las5peliculas - las5peliculas;1
lakatarata - reneemadison_;1
kinoman - kinofenon;1
juanpe sÃ¡nchez lÃ³pez - jvanpe;1
javi ov - metropolisjov;1
javi - javicsda;1
j4j4j4j4j4j4 - GotosoHenry;1
irene.caotica - irenejustt_;1
guille - acefal0;1
gloria - gloriasla_;1
ger - germasters;1
gazpi - atomicoperro;1
gato herrumbroso que pasea y declama - tanzedub;1
gala - doelaobriosa;1
franciscoalgarin - pistachotostado;1
film ghost å¹½éœŠ ğŸ¥ - spectral_cinema;1
mariana - pasajeperpetuo;1
martin - martinsalernx;1
pspspsperro de sitges - alecxps;1
martina - canreadshebad;1
pele - paco_sanz;1
paul schrader's facebook posts - paul_posts;1
patri - adasarter;1
padimo ğŸ¦â€â¬› - Padimo02;1
ozu exteriors - ozuexteriors;1
oyente de cope - vvvhannah;1
out of context the office - officecontexts;1
origins of iconic images - image_origins;1
oXAGUE1 - Breogan_Xague;1
nico - NicoConKa;1
mrtoldo - mrtoldo;1
ministerio de pies ğŸ‘£ - kalashnikovpiti;1
miguel faus.eth ğŸ¥ CALLADITA FILM - miguelfaus;1
miguel - migblah;1
migo - TropTotTropTard;1
mediadistancia - mediadistancia_;1
me gustan los sabados - lilcabeSa;1
mataderomadrid - mataderomadrid;1
masaenfurecida - masaenfurecida;1
Silvia - femme_quipleure;1
Sight and Sound magazine - SightSoundmag;1
Shine McShine - Shine_McShine;1
Miguel - velocitatrix;1
Metal top filmtuiter - GhaopeT;1
Meritxell Colell - MeritxellColell;1
Merbi MP - MaribelMerbiP;1
Memes PokÃ©mon - PokeCitas;1
MatÃ­as G. Rebolledo - Reborivera;1
Matthewmatosis - Matthewmatosis;1
Mateo Sancho - mateosancho;1
MarÃ­a YÃ¡Ã±ez - myanllo;1
MarÃ­a Ruido - mariaharker;1
MarÃ­a Guerra - maguerram;1
MarÃ­a Elena Higueruelo - eleruelo;1
MarÃ­a - enminubevoy;1
MarÃ­a - Algaraabia;1
Marxista Amigable - MarxistaAmigab1;1
MartÃ­n Cuesta - martinnncg;1
Marta Salvador Tato - msalvadortato;1
Marta Medina - MartaMedinadelV;1
Marta Estivill - MartaEstivillB;1
Marta BG - martabgl;1
Miguel - MiguEl_Chocos;1
Miguel Ariza - arizador;1
Marta - mpinkfloyd;1
Miguel MuÃ±oz Garnica - mmgarnica;1
Nacho - Nacho_cv;1
NUMAX - numaxcoop;1
MÃ³nica Jordan - MonicaJordanP;1
Music Radar Clan - musicradarclan;1
Museo del Prado - museodelprado;1
Museo Thyssen - MuseoThyssen;1
Museo Reina SofÃ­a - museoreinasofia;1
Mr. Sophistication - JonSanRW0;1
Morla - pkmorla;1
Montxo Armendariz - montxoarmendari;1
MonsieurHulot - MonsieurHulot;1
Miriam GÃ³mez - miriamgs97;1
Miriam - mir_medeiros;1
Miradas de Cine - miradasdecine;1
Miguel Ãngel HernÃ¡ndez - mahn;1
Miguel Vega Manrique - mvegamanrique;1
Miguel SÃ¡nchez - miguelmsh15;1
Miguel RodrÃ­guez - migrodper1;1
Miguel Quintana - migquintana;1
Marta Armengou Escala - MartaArmengou;1
Marta - mperezverdugo;1
Namakochiimu - namakochiimu;1
Makimono - makimono_cine;1
Magda RubÃ­ - mgdars;1
Macguffin007 - Macguffin007;1
MUBI - mubi;1
MATIAS - MatiasCinef;1
MARCA - marca;1
Lyssaria - lyssaria;1
Luna Miguel - lunamonelle;1
Luna - LunaMilLuna100s;1
LumiÃ¨re - revistalumiere;1
Luis MagrinyÃ  - LenguayL;1
Luis LÃ³pez Carrasco - murciano81;1
Luis Calles - LuisCalles9;1
Luis Aceituno - luisaceitunop;1
LucÃ­a ğŸ’š - aelitademarte;1
LucÃ­a Ros Serra - caoticalucie;1
Lucas Granero - lllgranero;1
Los jueves, milagro - MilagroJueves;1
Locura Santos FernÃ¡ndez - Brun_11_;1
LluÃ­s - desgraciatdel96;1
Magical Girl - MagicalGirlFilm;1
Malala - candadodedolor;1
Marta - marmtrdz;1
Manu - manuthebest58;1
MarisaEnLosBosques - marisaenbosques;1
Mariona Borrull - Mariona_Borrull;1
Mario Iglesias - MarioPerzival;1
Mario Aguiriano - AguirianoMario;1
Mario - marioquema;1
Marina - Bonetellez;1
Mariano Cruz - Sopeao;1
Marian - masmariansita;1
Margot Rot - MargotRot;1
Marcos - MarcosVA_6;1
Marc - marc0_00;1
Manuela Carmena - ManuelaCarmena;1
Manuel V. - Mr_Manuel_V;1
Manuel Onetti - ManuelOnetti;1
Manuel Iniesta - fantasiablog1;1
Manuel GuedÃ¡n - pundonorymanuel;1
Manuel Bartual - ManuelBartual;1
Manu YÃ¡Ã±ez - ManuYanezM;1
Manu ArgÃ¼elles - manuargu;1
Nacho Vegas - NachoVegasTwit;1
Nana - tristesse1867;1
Sevi - jorge_sevi_;1
Roger Koza - rogerkoza;1
RocÃ­o - rociiiorm;1
Roberto GarcÃ­a - e7cielo;1
Roberto Alcover Oti - ralcoveroti;1
Roberto - ejedezeta;1
Rob Morato - robmorato;1
Rita Maestre ğŸŒ¾ - Rita_Maestre;1
Rita Azevedo Gomes - RitaAzevedoGome;1
Ricardo Adalia - Ricardo_Adalia;1
Revista Mutaciones - mutaciones_cine;1
Revista Magnolia - RevistaMagnolia;1
Revista Contrapicado - ContrapicadoNET;1
Respectful Memes - RespectfulMemes;1
Real Capitalist Hours - CapitalistHours;1
Rano Ledoux - Binjip_Baraka;1
RamÃ³n Rey - rrey;1
RamÃ³n H. Sosa - GolemIV;1
Ramiro Ledo Cordeiro - rlcordeiro;1
Radiohead - radiohead;1
Rachel ğŸ¦‰ - RachelMyGod;1
Rodrigo GarcÃ­a Marina - rodrigogmarina;1
Rosa Berbel - Rosaberbel_;1
R O S A L Ã A - rosalia;1
Rosana - rosana_hinojosa;1
Serie Gong Editorial - GongSerie;1
Sergio de Lara - Gersio91;1
Sergio SM - Saba1e7e;1
Sergio G - devnullsg;1
Sergio DÃ­az Ochoa - SergioDiazOch;1
Sergio - checho_esteban;1
Sergi SÃ¡nchez - sergisssss45;1
Selasor - cine_amante;1
SebastiÃ¡n Vivarelli - vvs00;1
Scanliner - Scanliner;1
Satoru Kobayashi - SatoruKobayas20;1
Satori Ediciones - satorilibros;1
Sara GarcÃ­a - saragarsg_;1
Sara DomÃ­nguez LÃ³pez - blackpineapple9;1
Santiago Gerchunoff - sangerchu;1
Sam - cotinocturno;1
SOHU_ (ğŸŒŠ) - victor1999soho;1
RubÃ©n MartÃ­n - Ruben_Mrtin;1
RubÃ©n LeÃ³n - Luisruleon;1
REVOIR - REVOIRVIDEO;1
PÃ©rez, Julio CÃ©sar - amarilloindio;1
Nathaniel Dorsky - ndorsky;1
Pablo Echenique - PabloEchenique;1
Pablo - alvarezhornia;1
Pablo - _pablo_serrano;1
Pablo - PaC181;1
PHILIPP ENGEL - Lafleur3;1
Owen Thursday - O_Thursday;1
Outskirts Film Magazine - OutskirtsMag;1
Out Of Context Football - nocontextfooty;1
Oscar eme - O_eMe_Freire;1
Onetti - MadridLuke;1
Ocho y Medio - Libros8ymedio;1
NÃ©stor - Nestinut;1
Novedades Filmin - NovedadesFilmin;1
Nokhi - _Nokhi_;1
Noah - slayerkinney;1
No Context Sexy Passes - SexyPasses;1
Nivel Oculto - Niveloculto;1
NicolÃ¡s Ruiz - redrumum;1
Nico Ruiz - Pez_out;1
Neil Bahadur - NeilBahadur;1
Pablo Del Amo - delamopablo;1
Pablo GarcÃ­a-GirÃ³n - pgarcia_gir;1
PÃ¡lido Fuego - palidofuego_ed;1
Pablo Iglesias ğŸ”»(R) - PabloIglesias;1
Punto de Vista - PuntodVistaFest;1
Podemos - PODEMOS;1
Plano Detalle Podcast - PlanoDetallePod;1
Pierrot le Fou - PedroChavarriaF;1
Pierre LÃ©on - PierreLeonPoint;1
Pere Portabella - pereportabella;1
Pepita Jimenez - pepita_jaco;1
Pedro Crespo - Aeneas_SVS;1
Paula Melchor - _paulamelchor;1
Paula Itfish - paulaitfish;1
Paula Arantzazu Ruiz - paulaarantzazu;1
Paula - paulalapuchi;1
Pauixitador - Pauixitador;1
Patrick - thomkeaton;1
Paloma Dato - palomadato;1
Pablo ğŸ³ - PGGarrett_;1
Pablo RoldÃ¡n - PabloRoldanF;1
Pablo Picasso - pablocubist;1
Pablo MuÃ±oz - Alvy_Singer;1
#FTAwards2024 - FTAwards_CHCT;1
