Usuarios;Lista
1dia1peli;
A_de_la_Hoz;
aaleeeex;
Abu222;
Aelitademarte;
AmaiaZufiaur;
anaorgana;
andrestm;
AndreuMarves;
Angelopoulos;
ariadnasc;
asm5sgr;
edgarfaber;
Batty;
blackcoffee;
bergmantonioni;
Borinot;
Burbank;
Carlos_;
Cinematictalk;
cinesinfin;
colmener;
DanielEscaners;
danielquinn;
Didacus;
diegoceprez;
eloyg8;
explodingboy;
ezequiel2517;
Faildeguionista;
figmare;
firejuice;
francorizzo;
fshtravis;
fuzilfalcao;
fvlluis;
gazpachin;
itsmerocio;
Ivan_Suarez;
jal90;
Jarsito;
jasikedevicius;
Javchas;tftdescubrimientos-2
jjm_24;
Juniper_girl;
Klepshydra;
korin;
Kosti;
Lobo_Lopez;
MabuseCaligari;
Mann_Ohne_Namen;
marctorres;
MarioIglesias;
marioquema;
metaltft;
Mikio_Fassberma;
mmgarnica;
mrtoldo;
msgatsby;
nachocea;
nichedeath;
Ninotchka;
olivermayorga;
paloma55;
Paula_Arantzazu;
pele_alvaro;
Popovich89;
quber;
RachelMyGod;
rafaqc97;
Rob3rtolm;
Saba1e7e;
Selasor;
Slayerkinney;
SohoVictor;
synthemesco;
Thomkeaton;
uryenbg;
utges;
vareludo;
vvs00;
will_llermo;
xosemfdez;
YeraiM;
davidmd;
IvanMiguez;
albertsyco_;
Niskanen;
Alberto87FR;
garles;
IndigoRoom;
BorNaPe;
executionground;
Faure;
bustinduy;
breogan_xague;
mcromance;
csmall;
Judex1916;
pezespada;
maties_tp;
aixa72;
Lubilder;
al1997;tftdescubrimientos-1
RafaNasal_leFou;
CulturetaMurcia;
Filmandera;
franquicia;
Hectorog;
hobbitillo;
Pauixitador;
luisru;
bander7;
antares_not;
vicioinherente;
malala;
igortxu;
nestorjuez;
Loloaka;
lunes14;
Ruben0;
Fraca1993;
manuelsanbai;
falgarin;
guillehormigo;
irca;
kaarlenberg;
alvysinger_;
bonetellez;
izabellaxd;
asterluz;
JonSanSK8;
