Participante,Lista
ezequiel2517,https://boxd.it/q11a4
marioquema,https://boxd.it/qkoMe
doark13,https://boxd.it/pSOiy
marioiglesias,https://letterboxd.com/marioiglesias/list/tft2010s/
danielquinn,https://letterboxd.com/danielquinn/list/tft2010s/
aixa72,https://letterboxd.com/aixa72/list/tft2010s/
gorkalonso1,https://boxd.it/pRLNw
kaarlenberg,https://boxd.it/qmEPi
1999_sohu,https://letterboxd.com/1999_sohu/list/tft2010s/
natefisher,https://boxd.it/qlw0k
francorizzo,https://boxd.it/qmHf8
executionground,https://boxd.it/qn4US
cinesinfin,https://boxd.it/qng9Y
mas0204,https://letterboxd.com/mas0204/list/tft2010s/
chinemusic,https://boxd.it/qnSmG
itsmerocio,https://letterboxd.com/itsmerocio/list/tft2010s/
nestorjuez,https://boxd.it/qjfyK
edgarfaber,https://boxd.it/oSyAW
faildeguionista,https://boxd.it/qq2ow
mcromance,https://boxd.it/qtyV4
uryenbg,https://boxd.it/qtBnO
a_de_la_hoz,https://letterboxd.com/a_de_la_hoz/list/tft2010s/
jarsito,https://letterboxd.com/jarsito/list/tft-2010-2019/
uwugorka,https://letterboxd.com/uwugorka/list/tft2010s/
paula_arantzazu,https://letterboxd.com/paula_arantzazu/list/tft2010s/
martinsalernx,https://boxd.it/quYBw
bracero,https://boxd.it/qtrHE
rodasons,https://letterboxd.com/rodasons/list/tft2010s-1/
maciaflorit,https://boxd.it/qjxYc
garles,https://letterboxd.com/garles/list/tft2010s/
lunes14,https://boxd.it/qvLw6
maties_tp,https://letterboxd.com/maties_tp/list/tft2010s/
stalker98,https://boxd.it/quWEe
blanse,https://boxd.it/qtwX8
joanpamiesll,https://boxd.it/qv8ys
huer,https://boxd.it/qxWkk
angelopoulos,https://letterboxd.com/angelopoulos/list/tft2010s/
mabusecaligari,https://letterboxd.com/mabusecaligari/list/tft2010s/
efebatlle,https://boxd.it/qvFiC
lp_bit,https://boxd.it/qz8Pw
filmandera,https://boxd.it/pRPsC
figmare,https://boxd.it/qlqwY
quber,https://letterboxd.com/quber/list/tft2010s/
javchas,https://letterboxd.com/javchas/list/tft2010s/
anaorgana,https://letterboxd.com/anaorgana/list/tft2010s/
erni,https://boxd.it/qvzlA
cinematictalk,https://letterboxd.com/cinematictalk/list/tft2010s/
amaiazufiaur,https://boxd.it/qoAa0
malala,https://boxd.it/pSBvO
danielescaners,https://letterboxd.com/danielescaners/list/tft2010s/
edissa,https://letterboxd.com/edissa/list/tft2010s/
bergmantonioni,https://letterboxd.com/bergmantonioni/list/tft2010s/
ferrandis,https://letterboxd.com/ferrandis/list/tft2010s/
explodingboy,https://boxd.it/pcG82
falgarin,https://letterboxd.com/falgarin/list/tft2010s/
abu222,https://letterboxd.com/abu222/list/tft2010/
fshtravis,https://boxd.it/57hqU
burbank,https://letterboxd.com/burbank/list/tft2010s/
eloyg8,https://boxd.it/qSeyk
faure,https://letterboxd.com/faure/list/tft2010s/
alvysinger_,https://letterboxd.com/alvysinger_/list/tft2010s/
alcorona,https://letterboxd.com/alcorona/list/tft2010s/
utges,https://boxd.it/r0RCQ
elenacf,https://boxd.it/qPQdS
padimo02,https://boxd.it/r3rbA
blackcoffee,https://letterboxd.com/blackcoffee/list/tft2010s/
korin,https://boxd.it/r4yfG
tensin,https://letterboxd.com/tensin/list/tft2010s/
pele_alvaro,https://letterboxd.com/pele_alvaro/list/tft2010s/
mann_ohne_namen,https://letterboxd.com/mann_ohne_namen/list/tft2010s/
fabregatto,https://letterboxd.com/fabregatto/list/tft2010s/
slayerkinney,https://letterboxd.com/slayerkinney/list/tft2010s/
tumbaparaelojo,https://letterboxd.com/tumbaparaelojo/list/tft2010s/
nargual,https://boxd.it/r378c
martincuesta,https://letterboxd.com/martincuesta/list/tft2010s/
saba1e7e,https://letterboxd.com/saba1e7e/list/tft2010s/
colmener,https://letterboxd.com/colmener/list/tft2010s/
_carlos_,https://letterboxd.com/_carlos_/list/tft2010s/
carlos_,https://letterboxd.com/carlos_/list/tft2010s/
anthonymous,https://letterboxd.com/anthonymous/list/tft2010s/
lobo_lopez,https://letterboxd.com/lobo_lopez/list/tft2010s/
mmgarnica,https://letterboxd.com/mmgarnica/list/tft2010s/
rafanasal_lefou,https://boxd.it/qQtX6
jepgambardella,https://letterboxd.com/jepgambardella/list/tft2010s/
an_t_ar,https://boxd.it/qnXiE
xosemfdez,https://boxd.it/r9g6w
paloma55,https://boxd.it/nuxpw
alejandrogr,https://letterboxd.com/alejandrogr/list/tft2010s/
loloaka,https://letterboxd.com/loloaka/list/tft2010s/
bander7,https://boxd.it/rbfbk
msgatsby,https://letterboxd.com/msgatsby/list/tft2010s/
bornape,https://boxd.it/rbkNy
pauixitador,https://boxd.it/rbmay
ruben0,https://boxd.it/pchE8
davidmd,https://boxd.it/qwmA0
synthemesco,https://boxd.it/qv3mQ
alain_pixar,https://boxd.it/qwpu0
hobbitillo,https://letterboxd.com/hobbitillo/list/tft2010s/
popovich89,https://boxd.it/qjHvE
antares_not,https://letterboxd.com/antares_not/list/tft2010s/
aaleeeex,https://boxd.it/rbLZc
thomkeaton,https://boxd.it/rdBL4
