Usuarios;Lista
Lobo_Lopez;
Paula_Arantzazu;
Ruben0;
Ivan_Suarez;
josetteandriot;
fraca1993;
Ninotchka;
Angelopoulos;
RafaNasal_leFou;
XaviPT;
Bracero;
mabusecaligari;
bergmantonioni;
mmgarnica;
nichedeath;
Batty;
albertsyco_;
Didacus;
marioquema;
DanielEscaners;
paloma55;
rosana_h;
Mann_Ohne_Namen;
MarioIglesias;
utges;
cinesinfin;
Faure;
francorizzo;
rafaqc97;
Klepshydra;
Carlos_;
danielquinn;
ezequiel2517;
jjm_24;
fshtravis;
JepGambardella;
sirbennimiles;
Will_llermo;
uryenbg;
pele_alvaro;
synthemesco;tft1919-2
firejuice;
RachelMyGod;
uwugorka;
Vareludo;
Padimo02;
Saba1e7e;
FaildeGuionista;
isaac98tm;
malala;
aaleeeex;
igortxu;
nokhi;
SohoVictor;
ExplodingBoy;
JonSanSK8;
alvmb;
Colmener;
jal90;
diegoceprez;
bander7;
Alberto87FR;
mrtoldo;
martasalvador;
falgarin;
austrohungaro;
Pauixitador;
carloslara;
hobbitillo;
Correveidile;
